"Nick.name";"variable"
"Anonym";"Matematicka.analyza.1..Vs."
"Antares";"Matematicka.analyza.1..Vs."
"Baron von Deus";"Matematicka.analyza.1..Vs."
"Bosskiko9";"Matematicka.analyza.1..Vs."
"Dream";"Matematicka.analyza.1..Vs."
"FIL0138";"Matematicka.analyza.1..Vs."
"H4RC1N";"Matematicka.analyza.1..Vs."
"JAY";"Matematicka.analyza.1..Vs."
"Joxi-kun";"Matematicka.analyza.1..Vs."
"kas0203";"Matematicka.analyza.1..Vs."
"MatejK";"Matematicka.analyza.1..Vs."
"Metal!!!";"Matematicka.analyza.1..Vs."
"nikol";"Matematicka.analyza.1..Vs."
"Pomelo_Lover";"Matematicka.analyza.1..Vs."
"Rai";"Matematicka.analyza.1..Vs."
"ROCK!!!";"Matematicka.analyza.1..Vs."
"Sergei B";"Matematicka.analyza.1..Vs."
"SlanyCukr";"Matematicka.analyza.1..Vs."
"TERM";"Matematicka.analyza.1..Vs."
"VH";"Matematicka.analyza.1..Vs."
"Vorteo";"Matematicka.analyza.1..Vs."
"XXX";"Matematicka.analyza.1..Vs."
"Anonym";"uvod.do.logickeho.mysleni..Vs."
"Antares";"uvod.do.logickeho.mysleni..Vs."
"BnQi";"uvod.do.logickeho.mysleni..Vs."
"Bosskiko9";"uvod.do.logickeho.mysleni..Vs."
"DaviVida";"uvod.do.logickeho.mysleni..Vs."
"DON0032";"uvod.do.logickeho.mysleni..Vs."
"Dream";"uvod.do.logickeho.mysleni..Vs."
"FIL0138";"uvod.do.logickeho.mysleni..Vs."
"Giuseppe";"uvod.do.logickeho.mysleni..Vs."
"H4RC1N";"uvod.do.logickeho.mysleni..Vs."
"Hadahada";"uvod.do.logickeho.mysleni..Vs."
"Horst";"uvod.do.logickeho.mysleni..Vs."
"JAY";"uvod.do.logickeho.mysleni..Vs."
"Joxi-kun";"uvod.do.logickeho.mysleni..Vs."
"kas0203";"uvod.do.logickeho.mysleni..Vs."
"Kowal";"uvod.do.logickeho.mysleni..Vs."
"LordOmars";"uvod.do.logickeho.mysleni..Vs."
"MatejK";"uvod.do.logickeho.mysleni..Vs."
"Matessek";"uvod.do.logickeho.mysleni..Vs."
"Metal!!!";"uvod.do.logickeho.mysleni..Vs."
"migmig";"uvod.do.logickeho.mysleni..Vs."
"Mikas";"uvod.do.logickeho.mysleni..Vs."
"nikol";"uvod.do.logickeho.mysleni..Vs."
"Oligarcha";"uvod.do.logickeho.mysleni..Vs."
"Quick";"uvod.do.logickeho.mysleni..Vs."
"ROCK!!!";"uvod.do.logickeho.mysleni..Vs."
"Rudu";"uvod.do.logickeho.mysleni..Vs."
"TERM";"uvod.do.logickeho.mysleni..Vs."
"von0074";"uvod.do.logickeho.mysleni..Vs."
"Vorteo";"uvod.do.logickeho.mysleni..Vs."
"Wywiss";"uvod.do.logickeho.mysleni..Vs."
"XXX";"uvod.do.logickeho.mysleni..Vs."
":))";"uvod.do.programovani..Vs."
"349";"uvod.do.programovani..Vs."
"Adam159";"uvod.do.programovani..Vs."
"Antares";"uvod.do.programovani..Vs."
"Baron von Deus";"uvod.do.programovani..Vs."
"BIL0141";"uvod.do.programovani..Vs."
"BnQi";"uvod.do.programovani..Vs."
"Bosskiko9";"uvod.do.programovani..Vs."
"cratas";"uvod.do.programovani..Vs."
"Ctibi";"uvod.do.programovani..Vs."
"DaviVida";"uvod.do.programovani..Vs."
"Dream";"uvod.do.programovani..Vs."
"FIL0138";"uvod.do.programovani..Vs."
"Horst";"uvod.do.programovani..Vs."
"Hrnicek";"uvod.do.programovani..Vs."
"IgoodFeel";"uvod.do.programovani..Vs."
"IKSDE159";"uvod.do.programovani..Vs."
"JAY";"uvod.do.programovani..Vs."
"JK";"uvod.do.programovani..Vs."
"Joxi-kun";"uvod.do.programovani..Vs."
"Kowal";"uvod.do.programovani..Vs."
"MatejK";"uvod.do.programovani..Vs."
"Matessek";"uvod.do.programovani..Vs."
"Melon Usk";"uvod.do.programovani..Vs."
"Metal!!!";"uvod.do.programovani..Vs."
"migmig";"uvod.do.programovani..Vs."
"Mikas";"uvod.do.programovani..Vs."
"nikol";"uvod.do.programovani..Vs."
"Oligarcha";"uvod.do.programovani..Vs."
"Pomelo_Lover";"uvod.do.programovani..Vs."
"prup";"uvod.do.programovani..Vs."
"Ptakulus";"uvod.do.programovani..Vs."
"Quick";"uvod.do.programovani..Vs."
"Rai";"uvod.do.programovani..Vs."
"ROCK!!!";"uvod.do.programovani..Vs."
"Rudu";"uvod.do.programovani..Vs."
"sajmonkoo";"uvod.do.programovani..Vs."
"SlanyCukr";"uvod.do.programovani..Vs."
"VH";"uvod.do.programovani..Vs."
"XXX";"uvod.do.programovani..Vs."
"xyz";"uvod.do.programovani..Vs."
"FIL0138";"Zaklady.cislicovych.systemu..Vs."
"H4RC1N";"Zaklady.cislicovych.systemu..Vs."
"JAY";"Zaklady.cislicovych.systemu..Vs."
"Metal!!!";"Zaklady.cislicovych.systemu..Vs."
"Oligarcha";"Zaklady.cislicovych.systemu..Vs."
"Pomelo_Lover";"Zaklady.cislicovych.systemu..Vs."
"TERM";"Zaklady.cislicovych.systemu..Vs."
"Wywiss";"Zaklady.cislicovych.systemu..Vs."
":))";"Algoritmy.I..Vs."
"Anonym";"Algoritmy.I..Vs."
"Baron von Deus";"Algoritmy.I..Vs."
"BIL0141";"Algoritmy.I..Vs."
"BnQi";"Algoritmy.I..Vs."
"cratas";"Algoritmy.I..Vs."
"Ctibi";"Algoritmy.I..Vs."
"DaviVida";"Algoritmy.I..Vs."
"FIL0138";"Algoritmy.I..Vs."
"Giuseppe";"Algoritmy.I..Vs."
"H4RC1N";"Algoritmy.I..Vs."
"JK";"Algoritmy.I..Vs."
"kas0203";"Algoritmy.I..Vs."
"MatejK";"Algoritmy.I..Vs."
"Matessek";"Algoritmy.I..Vs."
"Mikas";"Algoritmy.I..Vs."
"nikol";"Algoritmy.I..Vs."
"Pomelo_Lover";"Algoritmy.I..Vs."
"prup";"Algoritmy.I..Vs."
"Ptakulus";"Algoritmy.I..Vs."
"Quick";"Algoritmy.I..Vs."
"ROCK!!!";"Algoritmy.I..Vs."
"Rudu";"Algoritmy.I..Vs."
"sajmonkoo";"Algoritmy.I..Vs."
"SlanyCukr";"Algoritmy.I..Vs."
"tenze";"Algoritmy.I..Vs."
"von0074";"Algoritmy.I..Vs."
"Vorteo";"Algoritmy.I..Vs."
"xyz";"Algoritmy.I..Vs."
":))";"Architektury.pocitacu.a.paralelnich.systemu..Vs."
"cratas";"Architektury.pocitacu.a.paralelnich.systemu..Vs."
"Ctibi";"Architektury.pocitacu.a.paralelnich.systemu..Vs."
"FIL0138";"Architektury.pocitacu.a.paralelnich.systemu..Vs."
"Gzpc";"Architektury.pocitacu.a.paralelnich.systemu..Vs."
"migmig";"Architektury.pocitacu.a.paralelnich.systemu..Vs."
"pmtw";"Architektury.pocitacu.a.paralelnich.systemu..Vs."
"prup";"Architektury.pocitacu.a.paralelnich.systemu..Vs."
"VH";"Architektury.pocitacu.a.paralelnich.systemu..Vs."
"whyupush";"Architektury.pocitacu.a.paralelnich.systemu..Vs."
":))";"Linearni.algebra..Vs."
"Antares";"Linearni.algebra..Vs."
"Baron von Deus";"Linearni.algebra..Vs."
"Bosskiko9";"Linearni.algebra..Vs."
"DaviVida";"Linearni.algebra..Vs."
"FIL0138";"Linearni.algebra..Vs."
"Horst";"Linearni.algebra..Vs."
"Joxi-kun";"Linearni.algebra..Vs."
"kas0203";"Linearni.algebra..Vs."
"MatejK";"Linearni.algebra..Vs."
"Mikas";"Linearni.algebra..Vs."
"nikol";"Linearni.algebra..Vs."
"Oligarcha";"Linearni.algebra..Vs."
"Pomelo_Lover";"Linearni.algebra..Vs."
"Ptakulus";"Linearni.algebra..Vs."
"Rai";"Linearni.algebra..Vs."
"TERM";"Linearni.algebra..Vs."
"Vorteo";"Linearni.algebra..Vs."
"Wywiss";"Linearni.algebra..Vs."
"XXX";"Linearni.algebra..Vs."
":))";"Matematicka.analyza.2..Vs."
"Anonym";"Matematicka.analyza.2..Vs."
"Antares";"Matematicka.analyza.2..Vs."
"Baron von Deus";"Matematicka.analyza.2..Vs."
"Bosskiko9";"Matematicka.analyza.2..Vs."
"FIL0138";"Matematicka.analyza.2..Vs."
"Joxi-kun";"Matematicka.analyza.2..Vs."
"kas0203";"Matematicka.analyza.2..Vs."
"Rai";"Matematicka.analyza.2..Vs."
"ROCK!!!";"Matematicka.analyza.2..Vs."
"Sergei B";"Matematicka.analyza.2..Vs."
"TERM";"Matematicka.analyza.2..Vs."
"Vorteo";"Matematicka.analyza.2..Vs."
"349";"Objektove.orientovane.programovani..Vs."
"Adam159";"Objektove.orientovane.programovani..Vs."
"Anonym";"Objektove.orientovane.programovani..Vs."
"Antares";"Objektove.orientovane.programovani..Vs."
"Baron von Deus";"Objektove.orientovane.programovani..Vs."
"BnQi";"Objektove.orientovane.programovani..Vs."
"Bosskiko9";"Objektove.orientovane.programovani..Vs."
"cratas";"Objektove.orientovane.programovani..Vs."
"Ctibi";"Objektove.orientovane.programovani..Vs."
"CxT";"Objektove.orientovane.programovani..Vs."
"DaviVida";"Objektove.orientovane.programovani..Vs."
"Dream";"Objektove.orientovane.programovani..Vs."
"FIL0138";"Objektove.orientovane.programovani..Vs."
"Hadahada";"Objektove.orientovane.programovani..Vs."
"Hrnicek";"Objektove.orientovane.programovani..Vs."
"IKSDE159";"Objektove.orientovane.programovani..Vs."
"JakubP123";"Objektove.orientovane.programovani..Vs."
"JAY";"Objektove.orientovane.programovani..Vs."
"JK";"Objektove.orientovane.programovani..Vs."
"Joxi-kun";"Objektove.orientovane.programovani..Vs."
"kas0203";"Objektove.orientovane.programovani..Vs."
"Kowal";"Objektove.orientovane.programovani..Vs."
"LordOmars";"Objektove.orientovane.programovani..Vs."
"MatejK";"Objektove.orientovane.programovani..Vs."
"Matessek";"Objektove.orientovane.programovani..Vs."
"Melon Usk";"Objektove.orientovane.programovani..Vs."
"Mikas";"Objektove.orientovane.programovani..Vs."
"nikol";"Objektove.orientovane.programovani..Vs."
"Oligarcha";"Objektove.orientovane.programovani..Vs."
"prup";"Objektove.orientovane.programovani..Vs."
"Ptakulus";"Objektove.orientovane.programovani..Vs."
"Quick";"Objektove.orientovane.programovani..Vs."
"ROCK!!!";"Objektove.orientovane.programovani..Vs."
"Rudu";"Objektove.orientovane.programovani..Vs."
"Sergei B";"Objektove.orientovane.programovani..Vs."
"SlanyCukr";"Objektove.orientovane.programovani..Vs."
"tenze";"Objektove.orientovane.programovani..Vs."
"VH";"Objektove.orientovane.programovani..Vs."
"Wywiss";"Objektove.orientovane.programovani..Vs."
"XXX";"Objektove.orientovane.programovani..Vs."
"xyz";"Objektove.orientovane.programovani..Vs."
"Anonym";"Sazba.technickych.dokumentu..Vs."
"Baron von Deus";"Sazba.technickych.dokumentu..Vs."
"Bosskiko9";"Sazba.technickych.dokumentu..Vs."
"DaviVida";"Sazba.technickych.dokumentu..Vs."
"DON0032";"Sazba.technickych.dokumentu..Vs."
"FIL0138";"Sazba.technickych.dokumentu..Vs."
"Giuseppe";"Sazba.technickych.dokumentu..Vs."
"Gzpc";"Sazba.technickych.dokumentu..Vs."
"Hadahada";"Sazba.technickych.dokumentu..Vs."
"JAY";"Sazba.technickych.dokumentu..Vs."
"Joxi-kun";"Sazba.technickych.dokumentu..Vs."
"Matessek";"Sazba.technickych.dokumentu..Vs."
"Metal!!!";"Sazba.technickych.dokumentu..Vs."
"migmig";"Sazba.technickych.dokumentu..Vs."
"Oligarcha";"Sazba.technickych.dokumentu..Vs."
"Pomelo_Lover";"Sazba.technickych.dokumentu..Vs."
"Quick";"Sazba.technickych.dokumentu..Vs."
"ROCK!!!";"Sazba.technickych.dokumentu..Vs."
"Rudu";"Sazba.technickych.dokumentu..Vs."
"Vorteo";"Sazba.technickych.dokumentu..Vs."
"Adam159";"uvod.do.softwaroveho.inzenyrstvi..Vs."
"Anonym";"uvod.do.softwaroveho.inzenyrstvi..Vs."
"cratas";"uvod.do.softwaroveho.inzenyrstvi..Vs."
"CxT";"uvod.do.softwaroveho.inzenyrstvi..Vs."
"DaviVida";"uvod.do.softwaroveho.inzenyrstvi..Vs."
"DON0032";"uvod.do.softwaroveho.inzenyrstvi..Vs."
"FIL0138";"uvod.do.softwaroveho.inzenyrstvi..Vs."
"Giuseppe";"uvod.do.softwaroveho.inzenyrstvi..Vs."
"H4RC1N";"uvod.do.softwaroveho.inzenyrstvi..Vs."
"Hadahada";"uvod.do.softwaroveho.inzenyrstvi..Vs."
"Hrnicek";"uvod.do.softwaroveho.inzenyrstvi..Vs."
"IgoodFeel";"uvod.do.softwaroveho.inzenyrstvi..Vs."
"IKSDE159";"uvod.do.softwaroveho.inzenyrstvi..Vs."
"JakubP123";"uvod.do.softwaroveho.inzenyrstvi..Vs."
"JAY";"uvod.do.softwaroveho.inzenyrstvi..Vs."
"Kowal";"uvod.do.softwaroveho.inzenyrstvi..Vs."
"Matessek";"uvod.do.softwaroveho.inzenyrstvi..Vs."
"Melon Usk";"uvod.do.softwaroveho.inzenyrstvi..Vs."
"ROCK!!!";"uvod.do.softwaroveho.inzenyrstvi..Vs."
"VH";"uvod.do.softwaroveho.inzenyrstvi..Vs."
"Vorteo";"uvod.do.softwaroveho.inzenyrstvi..Vs."
"Baron von Deus";"Algoritmy.II..Vs."
"BnQi";"Algoritmy.II..Vs."
"cratas";"Algoritmy.II..Vs."
"Ctibi";"Algoritmy.II..Vs."
"DaviVida";"Algoritmy.II..Vs."
"FIL0138";"Algoritmy.II..Vs."
"Kowal";"Algoritmy.II..Vs."
"MatejK";"Algoritmy.II..Vs."
"Mikas";"Algoritmy.II..Vs."
"nikol";"Algoritmy.II..Vs."
"Ptakulus";"Algoritmy.II..Vs."
"ROCK!!!";"Algoritmy.II..Vs."
"sajmonkoo";"Algoritmy.II..Vs."
"SlanyCukr";"Algoritmy.II..Vs."
"Vorteo";"Algoritmy.II..Vs."
"xyz";"Algoritmy.II..Vs."
"Anonym";"Databazove.systemy.I..Vs."
"Baron von Deus";"Databazove.systemy.I..Vs."
"Bosskiko9";"Databazove.systemy.I..Vs."
"cratas";"Databazove.systemy.I..Vs."
"DaviVida";"Databazove.systemy.I..Vs."
"Dream";"Databazove.systemy.I..Vs."
"FIL0138";"Databazove.systemy.I..Vs."
"H4RC1N";"Databazove.systemy.I..Vs."
"Hrnicek";"Databazove.systemy.I..Vs."
"JAY";"Databazove.systemy.I..Vs."
"JK";"Databazove.systemy.I..Vs."
"Joxi-kun";"Databazove.systemy.I..Vs."
"Kowal";"Databazove.systemy.I..Vs."
"Matessek";"Databazove.systemy.I..Vs."
"migmig";"Databazove.systemy.I..Vs."
"Mikas";"Databazove.systemy.I..Vs."
"Pomelo_Lover";"Databazove.systemy.I..Vs."
"Quick";"Databazove.systemy.I..Vs."
"Rai";"Databazove.systemy.I..Vs."
"ROCK!!!";"Databazove.systemy.I..Vs."
"SlanyCukr";"Databazove.systemy.I..Vs."
"tenze";"Databazove.systemy.I..Vs."
"TERM";"Databazove.systemy.I..Vs."
"VH";"Databazove.systemy.I..Vs."
"Vorteo";"Databazove.systemy.I..Vs."
"whyupush";"Databazove.systemy.I..Vs."
":))";"Diskretni.matematika..Vs."
"Bosskiko9";"Diskretni.matematika..Vs."
"FIL0138";"Diskretni.matematika..Vs."
"JAY";"Diskretni.matematika..Vs."
"Joxi-kun";"Diskretni.matematika..Vs."
"kas0203";"Diskretni.matematika..Vs."
"MatejK";"Diskretni.matematika..Vs."
"Metal!!!";"Diskretni.matematika..Vs."
"Mikas";"Diskretni.matematika..Vs."
"Pomelo_Lover";"Diskretni.matematika..Vs."
"Rai";"Diskretni.matematika..Vs."
"ROCK!!!";"Diskretni.matematika..Vs."
"TERM";"Diskretni.matematika..Vs."
"XXX";"Diskretni.matematika..Vs."
"xyz";"Diskretni.matematika..Vs."
":))";"Pocitacove.site..Vs."
"Anonym";"Pocitacove.site..Vs."
"BIL0141";"Pocitacove.site..Vs."
"Ctibi";"Pocitacove.site..Vs."
"DaviVida";"Pocitacove.site..Vs."
"DON0032";"Pocitacove.site..Vs."
"FIL0138";"Pocitacove.site..Vs."
"Hrnicek";"Pocitacove.site..Vs."
"IKSDE159";"Pocitacove.site..Vs."
"Kowal";"Pocitacove.site..Vs."
"Quick";"Pocitacove.site..Vs."
"Rai";"Pocitacove.site..Vs."
"SlanyCukr";"Pocitacove.site..Vs."
"tenze";"Pocitacove.site..Vs."
"VH";"Pocitacove.site..Vs."
"DaviVida";"Vyvoj.informacnich.systemu..Vs."
"Dream";"Vyvoj.informacnich.systemu..Vs."
"FIL0138";"Vyvoj.informacnich.systemu..Vs."
"H4RC1N";"Vyvoj.informacnich.systemu..Vs."
"Hrnicek";"Vyvoj.informacnich.systemu..Vs."
"JakubP123";"Vyvoj.informacnich.systemu..Vs."
"Sergei B";"Vyvoj.informacnich.systemu..Vs."
"tenze";"Vyvoj.informacnich.systemu..Vs."
"XXX";"Vyvoj.informacnich.systemu..Vs."
"Adam159";"Programovani.v.C..I..nebo.v.Java.I...Vs."
"Anonym";"Programovani.v.C..I..nebo.v.Java.I...Vs."
"Antares";"Programovani.v.C..I..nebo.v.Java.I...Vs."
"Baron von Deus";"Programovani.v.C..I..nebo.v.Java.I...Vs."
"BnQi";"Programovani.v.C..I..nebo.v.Java.I...Vs."
"Bosskiko9";"Programovani.v.C..I..nebo.v.Java.I...Vs."
"cratas";"Programovani.v.C..I..nebo.v.Java.I...Vs."
"Ctibi";"Programovani.v.C..I..nebo.v.Java.I...Vs."
"DaviVida";"Programovani.v.C..I..nebo.v.Java.I...Vs."
"Dream";"Programovani.v.C..I..nebo.v.Java.I...Vs."
"FIL0138";"Programovani.v.C..I..nebo.v.Java.I...Vs."
"Hadahada";"Programovani.v.C..I..nebo.v.Java.I...Vs."
"Horst";"Programovani.v.C..I..nebo.v.Java.I...Vs."
"Hrnicek";"Programovani.v.C..I..nebo.v.Java.I...Vs."
"IgoodFeel";"Programovani.v.C..I..nebo.v.Java.I...Vs."
"IKSDE159";"Programovani.v.C..I..nebo.v.Java.I...Vs."
"JakubP123";"Programovani.v.C..I..nebo.v.Java.I...Vs."
"JK";"Programovani.v.C..I..nebo.v.Java.I...Vs."
"kas0203";"Programovani.v.C..I..nebo.v.Java.I...Vs."
"Kowal";"Programovani.v.C..I..nebo.v.Java.I...Vs."
"MatejK";"Programovani.v.C..I..nebo.v.Java.I...Vs."
"Matessek";"Programovani.v.C..I..nebo.v.Java.I...Vs."
"Melon Usk";"Programovani.v.C..I..nebo.v.Java.I...Vs."
"migmig";"Programovani.v.C..I..nebo.v.Java.I...Vs."
"Mikas";"Programovani.v.C..I..nebo.v.Java.I...Vs."
"Pomelo_Lover";"Programovani.v.C..I..nebo.v.Java.I...Vs."
"Ptakulus";"Programovani.v.C..I..nebo.v.Java.I...Vs."
"Quick";"Programovani.v.C..I..nebo.v.Java.I...Vs."
"Rai";"Programovani.v.C..I..nebo.v.Java.I...Vs."
"ROCK!!!";"Programovani.v.C..I..nebo.v.Java.I...Vs."
"Rudu";"Programovani.v.C..I..nebo.v.Java.I...Vs."
"sajmonkoo";"Programovani.v.C..I..nebo.v.Java.I...Vs."
"Sergei B";"Programovani.v.C..I..nebo.v.Java.I...Vs."
"SlanyCukr";"Programovani.v.C..I..nebo.v.Java.I...Vs."
"tenze";"Programovani.v.C..I..nebo.v.Java.I...Vs."
"VH";"Programovani.v.C..I..nebo.v.Java.I...Vs."
"whyupush";"Programovani.v.C..I..nebo.v.Java.I...Vs."
"xyz";"Programovani.v.C..I..nebo.v.Java.I...Vs."
"Anonym";"Netechnicke.aspekty.IT.praxe..Vs."
"FIL0138";"Netechnicke.aspekty.IT.praxe..Vs."
"Gzpc";"Netechnicke.aspekty.IT.praxe..Vs."
"H4RC1N";"Netechnicke.aspekty.IT.praxe..Vs."
"Hrnicek";"Netechnicke.aspekty.IT.praxe..Vs."
"MatejK";"Netechnicke.aspekty.IT.praxe..Vs."
":))";"uvod.do.analyzy.socialnich.siti..Vs."
"349";"uvod.do.analyzy.socialnich.siti..Vs."
"Anonym";"uvod.do.analyzy.socialnich.siti..Vs."
"Antares";"uvod.do.analyzy.socialnich.siti..Vs."
"Baron von Deus";"uvod.do.analyzy.socialnich.siti..Vs."
"BnQi";"uvod.do.analyzy.socialnich.siti..Vs."
"DaviVida";"uvod.do.analyzy.socialnich.siti..Vs."
"FIL0138";"uvod.do.analyzy.socialnich.siti..Vs."
"Hadahada";"uvod.do.analyzy.socialnich.siti..Vs."
"JAY";"uvod.do.analyzy.socialnich.siti..Vs."
"LordOmars";"uvod.do.analyzy.socialnich.siti..Vs."
"MatejK";"uvod.do.analyzy.socialnich.siti..Vs."
"Matessek";"uvod.do.analyzy.socialnich.siti..Vs."
"Mikas";"uvod.do.analyzy.socialnich.siti..Vs."
"pmtw";"uvod.do.analyzy.socialnich.siti..Vs."
"Quick";"uvod.do.analyzy.socialnich.siti..Vs."
"Rudu";"uvod.do.analyzy.socialnich.siti..Vs."
"Sergei B";"uvod.do.analyzy.socialnich.siti..Vs."
"TERM";"uvod.do.analyzy.socialnich.siti..Vs."
":))";"Psychologie.I...Vs."
"349";"Psychologie.I...Vs."
"Anonym";"Psychologie.I...Vs."
"Antares";"Psychologie.I...Vs."
"Baron von Deus";"Psychologie.I...Vs."
"BnQi";"Psychologie.I...Vs."
"DaviVida";"Psychologie.I...Vs."
"DON0032";"Psychologie.I...Vs."
"Dream";"Psychologie.I...Vs."
"FIL0138";"Psychologie.I...Vs."
"H4RC1N";"Psychologie.I...Vs."
"Hrnicek";"Psychologie.I...Vs."
"JAY";"Psychologie.I...Vs."
"LordOmars";"Psychologie.I...Vs."
"MatejK";"Psychologie.I...Vs."
"Matessek";"Psychologie.I...Vs."
"migmig";"Psychologie.I...Vs."
"Oligarcha";"Psychologie.I...Vs."
"Pomelo_Lover";"Psychologie.I...Vs."
"Rai";"Psychologie.I...Vs."
"ROCK!!!";"Psychologie.I...Vs."
"Sergei B";"Psychologie.I...Vs."
"SlanyCukr";"Psychologie.I...Vs."
"tenze";"Psychologie.I...Vs."
"TERM";"Psychologie.I...Vs."
"von0074";"Psychologie.I...Vs."
":))";"Soft.Skills.I..Vs."
"Anonym";"Soft.Skills.I..Vs."
"Antares";"Soft.Skills.I..Vs."
"Baron von Deus";"Soft.Skills.I..Vs."
"BnQi";"Soft.Skills.I..Vs."
"DaviVida";"Soft.Skills.I..Vs."
"DON0032";"Soft.Skills.I..Vs."
"Dream";"Soft.Skills.I..Vs."
"FIL0138";"Soft.Skills.I..Vs."
"Giuseppe";"Soft.Skills.I..Vs."
"H4RC1N";"Soft.Skills.I..Vs."
"Hrnicek";"Soft.Skills.I..Vs."
"JAY";"Soft.Skills.I..Vs."
"LordOmars";"Soft.Skills.I..Vs."
"migmig";"Soft.Skills.I..Vs."
"Migy";"Soft.Skills.I..Vs."
"nikol";"Soft.Skills.I..Vs."
"Pomelo_Lover";"Soft.Skills.I..Vs."
"Quick";"Soft.Skills.I..Vs."
"Rai";"Soft.Skills.I..Vs."
"ROCK!!!";"Soft.Skills.I..Vs."
"Rudu";"Soft.Skills.I..Vs."
"Sergei B";"Soft.Skills.I..Vs."
"SlanyCukr";"Soft.Skills.I..Vs."
"tenze";"Soft.Skills.I..Vs."
"TERM";"Soft.Skills.I..Vs."
"Anonym";"Jazyk.anglicky..Vs."
"Baron von Deus";"Jazyk.anglicky..Vs."
"BnQi";"Jazyk.anglicky..Vs."
"CxT";"Jazyk.anglicky..Vs."
"DON0032";"Jazyk.anglicky..Vs."
"FIL0138";"Jazyk.anglicky..Vs."
"Giuseppe";"Jazyk.anglicky..Vs."
"H4RC1N";"Jazyk.anglicky..Vs."
"Hrnicek";"Jazyk.anglicky..Vs."
"IKSDE159";"Jazyk.anglicky..Vs."
"JAY";"Jazyk.anglicky..Vs."
"MatejK";"Jazyk.anglicky..Vs."
"Migy";"Jazyk.anglicky..Vs."
"Mikas";"Jazyk.anglicky..Vs."
"Pomelo_Lover";"Jazyk.anglicky..Vs."
"Rai";"Jazyk.anglicky..Vs."
"ROCK!!!";"Jazyk.anglicky..Vs."
"Rudu";"Jazyk.anglicky..Vs."
"sajmonkoo";"Jazyk.anglicky..Vs."
"TERM";"Jazyk.anglicky..Vs."
"von0074";"Jazyk.anglicky..Vs."
"Adam159";"Telesna.vychova..Vs."
"Antares";"Telesna.vychova..Vs."
"Baron von Deus";"Telesna.vychova..Vs."
"BnQi";"Telesna.vychova..Vs."
"CxT";"Telesna.vychova..Vs."
"DaviVida";"Telesna.vychova..Vs."
"FIL0138";"Telesna.vychova..Vs."
"Giuseppe";"Telesna.vychova..Vs."
"H4RC1N";"Telesna.vychova..Vs."
"Horst";"Telesna.vychova..Vs."
"Hrnicek";"Telesna.vychova..Vs."
"IgoodFeel";"Telesna.vychova..Vs."
"IKSDE159";"Telesna.vychova..Vs."
"JAY";"Telesna.vychova..Vs."
"JK";"Telesna.vychova..Vs."
"Joxi-kun";"Telesna.vychova..Vs."
"Kowal";"Telesna.vychova..Vs."
"LordOmars";"Telesna.vychova..Vs."
"Matessek";"Telesna.vychova..Vs."
"Melon Usk";"Telesna.vychova..Vs."
"Migy";"Telesna.vychova..Vs."
"Mikas";"Telesna.vychova..Vs."
"nikol";"Telesna.vychova..Vs."
"Oligarcha";"Telesna.vychova..Vs."
"Ptakulus";"Telesna.vychova..Vs."
"Rudu";"Telesna.vychova..Vs."
"sajmonkoo";"Telesna.vychova..Vs."
"Sergei B";"Telesna.vychova..Vs."
"SlanyCukr";"Telesna.vychova..Vs."
"TERM";"Telesna.vychova..Vs."
"von0074";"Telesna.vychova..Vs."
"Vorteo";"Telesna.vychova..Vs."
"whyupush";"Telesna.vychova..Vs."
"Wywiss";"Telesna.vychova..Vs."
"XXX";"Telesna.vychova..Vs."
"BIL0141";"cesky.jazyk.a.literatura..Ss."
"CxT";"cesky.jazyk.a.literatura..Ss."
"DaviVida";"cesky.jazyk.a.literatura..Ss."
"Giuseppe";"cesky.jazyk.a.literatura..Ss."
"Horst";"cesky.jazyk.a.literatura..Ss."
"IKSDE159";"cesky.jazyk.a.literatura..Ss."
"JakubP123";"cesky.jazyk.a.literatura..Ss."
"JAY";"cesky.jazyk.a.literatura..Ss."
"MatejK";"cesky.jazyk.a.literatura..Ss."
"Oligarcha";"cesky.jazyk.a.literatura..Ss."
"pmtw";"cesky.jazyk.a.literatura..Ss."
"sajmonkoo";"cesky.jazyk.a.literatura..Ss."
"Vorteo";"cesky.jazyk.a.literatura..Ss."
"whyupush";"cesky.jazyk.a.literatura..Ss."
"Wywiss";"cesky.jazyk.a.literatura..Ss."
"xyz";"cesky.jazyk.a.literatura..Ss."
":))";"Anglicky.jazyk...Ss."
"Anonym";"Anglicky.jazyk...Ss."
"Antares";"Anglicky.jazyk...Ss."
"BIL0141";"Anglicky.jazyk...Ss."
"BnQi";"Anglicky.jazyk...Ss."
"cratas";"Anglicky.jazyk...Ss."
"Ctibi";"Anglicky.jazyk...Ss."
"CxT";"Anglicky.jazyk...Ss."
"DaviVida";"Anglicky.jazyk...Ss."
"Dream";"Anglicky.jazyk...Ss."
"FIL0138";"Anglicky.jazyk...Ss."
"Gzpc";"Anglicky.jazyk...Ss."
"H4RC1N";"Anglicky.jazyk...Ss."
"Horst";"Anglicky.jazyk...Ss."
"Hrnicek";"Anglicky.jazyk...Ss."
"IgoodFeel";"Anglicky.jazyk...Ss."
"JAY";"Anglicky.jazyk...Ss."
"JK";"Anglicky.jazyk...Ss."
"Joxi-kun";"Anglicky.jazyk...Ss."
"Kowal";"Anglicky.jazyk...Ss."
"LordOmars";"Anglicky.jazyk...Ss."
"Metal!!!";"Anglicky.jazyk...Ss."
"Mikas";"Anglicky.jazyk...Ss."
"nikol";"Anglicky.jazyk...Ss."
"Oligarcha";"Anglicky.jazyk...Ss."
"pmtw";"Anglicky.jazyk...Ss."
"Ptakulus";"Anglicky.jazyk...Ss."
"Quick";"Anglicky.jazyk...Ss."
"ROCK!!!";"Anglicky.jazyk...Ss."
"sajmonkoo";"Anglicky.jazyk...Ss."
"Sergei B";"Anglicky.jazyk...Ss."
"tenze";"Anglicky.jazyk...Ss."
"VH";"Anglicky.jazyk...Ss."
"Vorteo";"Anglicky.jazyk...Ss."
"whyupush";"Anglicky.jazyk...Ss."
"Wywiss";"Anglicky.jazyk...Ss."
"xyz";"Anglicky.jazyk...Ss."
"Antares";"Dalsi.cizi.jazyk..Ss."
"BIL0141";"Dalsi.cizi.jazyk..Ss."
"Dream";"Dalsi.cizi.jazyk..Ss."
"Gzpc";"Dalsi.cizi.jazyk..Ss."
"H4RC1N";"Dalsi.cizi.jazyk..Ss."
"Hadahada";"Dalsi.cizi.jazyk..Ss."
"IgoodFeel";"Dalsi.cizi.jazyk..Ss."
"JAY";"Dalsi.cizi.jazyk..Ss."
"JK";"Dalsi.cizi.jazyk..Ss."
"Joxi-kun";"Dalsi.cizi.jazyk..Ss."
"Matessek";"Dalsi.cizi.jazyk..Ss."
"Melon Usk";"Dalsi.cizi.jazyk..Ss."
"Mikas";"Dalsi.cizi.jazyk..Ss."
"Quick";"Dalsi.cizi.jazyk..Ss."
"TERM";"Dalsi.cizi.jazyk..Ss."
"Tundeer";"Dalsi.cizi.jazyk..Ss."
"whyupush";"Dalsi.cizi.jazyk..Ss."
"BIL0141";"Zaklady.spolecenskych.ved..Ss."
"DON0032";"Zaklady.spolecenskych.ved..Ss."
"Horst";"Zaklady.spolecenskych.ved..Ss."
"Oligarcha";"Zaklady.spolecenskych.ved..Ss."
"VH";"Zaklady.spolecenskych.ved..Ss."
"Wywiss";"Zaklady.spolecenskych.ved..Ss."
"Adam159";"Dejepis..Ss."
"DON0032";"Dejepis..Ss."
"Giuseppe";"Dejepis..Ss."
"Horst";"Dejepis..Ss."
"IKSDE159";"Dejepis..Ss."
"JakubP123";"Dejepis..Ss."
"Joxi-kun";"Dejepis..Ss."
"Kowal";"Dejepis..Ss."
"Oligarcha";"Dejepis..Ss."
"pmtw";"Dejepis..Ss."
"Ptakulus";"Dejepis..Ss."
"Quick";"Dejepis..Ss."
"ROCK!!!";"Dejepis..Ss."
"sajmonkoo";"Dejepis..Ss."
"Sergei B";"Dejepis..Ss."
"VH";"Dejepis..Ss."
"Vorteo";"Dejepis..Ss."
"XXX";"Dejepis..Ss."
"Adam159";"Matematika..Ss."
"Antares";"Matematika..Ss."
"BIL0141";"Matematika..Ss."
"cratas";"Matematika..Ss."
"Ctibi";"Matematika..Ss."
"DaviVida";"Matematika..Ss."
"DON0032";"Matematika..Ss."
"FIL0138";"Matematika..Ss."
"Giuseppe";"Matematika..Ss."
"Gzpc";"Matematika..Ss."
"H4RC1N";"Matematika..Ss."
"Hadahada";"Matematika..Ss."
"Horst";"Matematika..Ss."
"Hrnicek";"Matematika..Ss."
"IgoodFeel";"Matematika..Ss."
"IKSDE159";"Matematika..Ss."
"JAY";"Matematika..Ss."
"JK";"Matematika..Ss."
"Joxi-kun";"Matematika..Ss."
"kas0203";"Matematika..Ss."
"Kowal";"Matematika..Ss."
"MatejK";"Matematika..Ss."
"Matessek";"Matematika..Ss."
"Melon Usk";"Matematika..Ss."
"migmig";"Matematika..Ss."
"Mikas";"Matematika..Ss."
"Oligarcha";"Matematika..Ss."
"Quick";"Matematika..Ss."
"Rai";"Matematika..Ss."
"ROCK!!!";"Matematika..Ss."
"SlanyCukr";"Matematika..Ss."
"TERM";"Matematika..Ss."
"Tundeer";"Matematika..Ss."
"VH";"Matematika..Ss."
"whyupush";"Matematika..Ss."
"XXX";"Matematika..Ss."
"cratas";"Fyzika..Ss."
"Ctibi";"Fyzika..Ss."
"DON0032";"Fyzika..Ss."
"JAY";"Fyzika..Ss."
"Joxi-kun";"Fyzika..Ss."
"Kowal";"Fyzika..Ss."
"MatejK";"Fyzika..Ss."
"migmig";"Fyzika..Ss."
"Migy";"Fyzika..Ss."
"Mikas";"Fyzika..Ss."
"Oligarcha";"Fyzika..Ss."
"whyupush";"Fyzika..Ss."
"BIL0141";"Chemie..Ss."
"H4RC1N";"Chemie..Ss."
"IgoodFeel";"Chemie..Ss."
"IKSDE159";"Chemie..Ss."
"JAY";"Chemie..Ss."
"JK";"Chemie..Ss."
"Joxi-kun";"Chemie..Ss."
"Kowal";"Chemie..Ss."
"Metal!!!";"Chemie..Ss."
"Migy";"Chemie..Ss."
"Rai";"Chemie..Ss."
"Tundeer";"Chemie..Ss."
"von0074";"Chemie..Ss."
"Dream";"Biologie..Ss."
"FIL0138";"Biologie..Ss."
"IgoodFeel";"Biologie..Ss."
"JAY";"Biologie..Ss."
"Joxi-kun";"Biologie..Ss."
"Kowal";"Biologie..Ss."
"migmig";"Biologie..Ss."
"Migy";"Biologie..Ss."
"Oligarcha";"Biologie..Ss."
"Adam159";"Zemepis..Ss."
"cratas";"Zemepis..Ss."
"DON0032";"Zemepis..Ss."
"Giuseppe";"Zemepis..Ss."
"Hadahada";"Zemepis..Ss."
"Kowal";"Zemepis..Ss."
"Melon Usk";"Zemepis..Ss."
"Quick";"Zemepis..Ss."
"Wywiss";"Zemepis..Ss."
"xyz";"Zemepis..Ss."
":))";"Informatika.a.vypocetni.technika..Ss."
"Adam159";"Informatika.a.vypocetni.technika..Ss."
"Anonym";"Informatika.a.vypocetni.technika..Ss."
"Antares";"Informatika.a.vypocetni.technika..Ss."
"BIL0141";"Informatika.a.vypocetni.technika..Ss."
"BnQi";"Informatika.a.vypocetni.technika..Ss."
"Bosskiko9";"Informatika.a.vypocetni.technika..Ss."
"cratas";"Informatika.a.vypocetni.technika..Ss."
"Ctibi";"Informatika.a.vypocetni.technika..Ss."
"CxT";"Informatika.a.vypocetni.technika..Ss."
"DaviVida";"Informatika.a.vypocetni.technika..Ss."
"DON0032";"Informatika.a.vypocetni.technika..Ss."
"Dream";"Informatika.a.vypocetni.technika..Ss."
"Giuseppe";"Informatika.a.vypocetni.technika..Ss."
"Gzpc";"Informatika.a.vypocetni.technika..Ss."
"H4RC1N";"Informatika.a.vypocetni.technika..Ss."
"Hadahada";"Informatika.a.vypocetni.technika..Ss."
"Horst";"Informatika.a.vypocetni.technika..Ss."
"Hrnicek";"Informatika.a.vypocetni.technika..Ss."
"IgoodFeel";"Informatika.a.vypocetni.technika..Ss."
"IKSDE159";"Informatika.a.vypocetni.technika..Ss."
"JakubP123";"Informatika.a.vypocetni.technika..Ss."
"JAY";"Informatika.a.vypocetni.technika..Ss."
"JK";"Informatika.a.vypocetni.technika..Ss."
"Joxi-kun";"Informatika.a.vypocetni.technika..Ss."
"kas0203";"Informatika.a.vypocetni.technika..Ss."
"Kowal";"Informatika.a.vypocetni.technika..Ss."
"LordOmars";"Informatika.a.vypocetni.technika..Ss."
"MatejK";"Informatika.a.vypocetni.technika..Ss."
"Matessek";"Informatika.a.vypocetni.technika..Ss."
"Melon Usk";"Informatika.a.vypocetni.technika..Ss."
"Metal!!!";"Informatika.a.vypocetni.technika..Ss."
"migmig";"Informatika.a.vypocetni.technika..Ss."
"Migy";"Informatika.a.vypocetni.technika..Ss."
"nikol";"Informatika.a.vypocetni.technika..Ss."
"Oligarcha";"Informatika.a.vypocetni.technika..Ss."
"Pomelo_Lover";"Informatika.a.vypocetni.technika..Ss."
"Ptakulus";"Informatika.a.vypocetni.technika..Ss."
"Rai";"Informatika.a.vypocetni.technika..Ss."
"ROCK!!!";"Informatika.a.vypocetni.technika..Ss."
"Rudu";"Informatika.a.vypocetni.technika..Ss."
"sajmonkoo";"Informatika.a.vypocetni.technika..Ss."
"Sergei B";"Informatika.a.vypocetni.technika..Ss."
"SlanyCukr";"Informatika.a.vypocetni.technika..Ss."
"Tundeer";"Informatika.a.vypocetni.technika..Ss."
"Tut tur";"Informatika.a.vypocetni.technika..Ss."
"VH";"Informatika.a.vypocetni.technika..Ss."
"von0074";"Informatika.a.vypocetni.technika..Ss."
"Vorteo";"Informatika.a.vypocetni.technika..Ss."
"Wywiss";"Informatika.a.vypocetni.technika..Ss."
"XXX";"Informatika.a.vypocetni.technika..Ss."
"xyz";"Informatika.a.vypocetni.technika..Ss."
"cratas";"Hudebni.vychova...Ss."
"Horst";"Hudebni.vychova...Ss."
"MatejK";"Hudebni.vychova...Ss."
"Oligarcha";"Hudebni.vychova...Ss."
"pmtw";"Hudebni.vychova...Ss."
"ROCK!!!";"Hudebni.vychova...Ss."
"SlanyCukr";"Hudebni.vychova...Ss."
"whyupush";"Hudebni.vychova...Ss."
"DaviVida";"Vytvarna.vychova..Ss."
"Dream";"Vytvarna.vychova..Ss."
"FIL0138";"Vytvarna.vychova..Ss."
"Hrnicek";"Vytvarna.vychova..Ss."
"JAY";"Vytvarna.vychova..Ss."
"Migy";"Vytvarna.vychova..Ss."
"pmtw";"Vytvarna.vychova..Ss."
"sajmonkoo";"Vytvarna.vychova..Ss."
"XXX";"Vytvarna.vychova..Ss."
"Anonym";"Telesna.vychova..Ss."
"Antares";"Telesna.vychova..Ss."
"BIL0141";"Telesna.vychova..Ss."
"Bosskiko9";"Telesna.vychova..Ss."
"cratas";"Telesna.vychova..Ss."
"CxT";"Telesna.vychova..Ss."
"DON0032";"Telesna.vychova..Ss."
"Dream";"Telesna.vychova..Ss."
"Gzpc";"Telesna.vychova..Ss."
"H4RC1N";"Telesna.vychova..Ss."
"Hadahada";"Telesna.vychova..Ss."
"IKSDE159";"Telesna.vychova..Ss."
"JK";"Telesna.vychova..Ss."
"Joxi-kun";"Telesna.vychova..Ss."
"Kowal";"Telesna.vychova..Ss."
"LordOmars";"Telesna.vychova..Ss."
"Matessek";"Telesna.vychova..Ss."
"Melon Usk";"Telesna.vychova..Ss."
"Metal!!!";"Telesna.vychova..Ss."
"migmig";"Telesna.vychova..Ss."
"Migy";"Telesna.vychova..Ss."
"nikol";"Telesna.vychova..Ss."
"Oligarcha";"Telesna.vychova..Ss."
"Pomelo_Lover";"Telesna.vychova..Ss."
"prup";"Telesna.vychova..Ss."
"Rai";"Telesna.vychova..Ss."
"sajmonkoo";"Telesna.vychova..Ss."
"Sergei B";"Telesna.vychova..Ss."
"SlanyCukr";"Telesna.vychova..Ss."
"tenze";"Telesna.vychova..Ss."
"Tundeer";"Telesna.vychova..Ss."
"VH";"Telesna.vychova..Ss."
"von0074";"Telesna.vychova..Ss."
"whyupush";"Telesna.vychova..Ss."
"Wywiss";"Telesna.vychova..Ss."
"XXX";"Telesna.vychova..Ss."
